{"version":2,"languages":{"nodejs-npm":{"specfileHash":"a6054afb799dcc5c8ee29f19c85093aa","lockfileHash":"7ada22c8245b4735c9521aad38108d31","guessedImports":["react-bootstrap","react-dom","@vitejs/plugin-react-refresh","react","react-icons"],"guessedImportsHash":"50c2d67536c6c5ae4aa0ee9620c024f9"},"nodejs-yarn":{"specfileHash":"36fe129750f9b571f62775768dfd2747","lockfileHash":"8cd20b0f91e5e007eadff22a3178e342","guessedImports":["@vitejs/plugin-react-refresh","react","react-dom"],"guessedImportsHash":"24f6f3418ae857900ebf7b7e00dc4a7b"}}}
